search_name,.,record_id,modified,institutionCode,collectionCode,catalogNumber,basisOfRecord,kingdom,class,order,family,genus,specificEpithet,scientificName,scientificNameAuthorship,recordedBy,recordNumber,year,month,day,continentOcean,country,locality,decimalLongitude,decimalLatitude,barcode,identifiedBy,yearIdentified,fieldNumber,stateProvince,county,minimumElevationInMeters,individualCount,maximumElevationInMeters,phylum,typeStatus,preparationType,occurrenceRemarks,verbatimLongitude,verbatimLatitude,monthIdentified,dayIdentified,datecollected
Abies pinsapo,,1,2022-10-25 16:39:00-03,NBC,NL-BOTANY,U.1045491,PreservedSpecimen,Plantae,Pinopsida,Pinales,Pinaceae,Abies,pinsapo,Abies pinsapo,Boiss.,Solomon JC; Zeballos R,"Solomon, JC; Zeballos, R 15463",1986,08,04,Southern America,Bolivia,Dpto. La Paz: prov. Murillo. La Paz.,-68.133333,-16.516667,NL-U1045491,NA,NA,NA,NA,NA,NA,NA,NA,NA,NA,NA,NA,NA,NA,NA,NA,1986-08-04
Abies pinsapo,,2,2014-10-06 16:49:00-03,MO,MO,700209,PreservedSpecimen,Plantae,NA,NA,Pinaceae,Abies,pinsapo,Abies pinsapo,Boiss.,James C. Solomon|R. Zeballos,Solomon 15463,1986,8,4,South America,Bolivia,La Paz. ORNAMENTAL PLANTS.,-68.1333333,-16.5166667,NA,J. C. Solomon,1986,86-41,La Paz,Murillo,3600.00000000,6,NA,NA,NA,NA,NA,NA,NA,NA,NA,1986-08-04
Abutilon peruvianum,,1,2020-05-27 04:37:00-03,MO,MO,2957842,PreservedSpecimen,Plantae,NA,NA,Malvaceae,Abutilon,peruvianum,Abutilon peruvianum,(Lam.) Kearney,Alfredo F. Fuentes|Moises Mendoza|M.C. López|Remy Roque,Fuentes Claros 10071,2006,4,17,South America,Bolivia,"ANMI Apolobamba, Piara hacia Pelechuco. Plantas sin alcoholizar.",-69.0144444,-14.7966666,NA,P. Fryxell (RSA),2008,06-18,La Paz,Franz Tamayo,2700.00000000,1,2900.00000000,NA,NA,NA,NA,NA,NA,NA,NA,2006-04-17
Abutilon peruvianum,,2,2015-04-15 14:16:00-03,MO,MO,100308041,PreservedSpecimen,Plantae,NA,NA,Malvaceae,Abutilon,peruvianum,Abutilon peruvianum,(Lam.) Kearney,Ashley Glenn|Rainer W. Bussmann|Carlos Vega Ocaña|G. Chait|F. Díaz Vega,Glenn 600,2010,7,12,South America,Peru,"Dist. Uchumarca, Chibul.",-77.8747333,-6.9733,NA,RBU,2015,25,La Libertad,Bolivar,2450.00000000,6,2500.00000000,NA,NA,NA,NA,NA,NA,NA,NA,2010-07-12
Abutilon peruvianum,,3,2008-05-27 22:02:00-03,MO,MO,1092533,PreservedSpecimen,Plantae,NA,NA,Malvaceae,Abutilon,peruvianum,Abutilon peruvianum,(Lam.) Kearney,Paul F. Foster|Antony Jardim|F. Moza|C. Sims|R. Roca,Foster 767,1996,8,19,South America,Bolivia,Catarata El Encanto. Parque Nacional Noel Kempff Mercardo. Bosque alto de tierra firme por la senda de Las Cabinas a El Encanto.,-60.71194,-14.66055,NA,P. Fryxell (TEX),1997,NA,Santa Cruz,Velasco,300.00000000,3,NA,NA,NA,NA,NA,NA,NA,NA,NA,1996-08-19
Abutilon peruvianum,,4,2008-05-27 22:02:00-03,MO,MO,1536013,PreservedSpecimen,Plantae,NA,NA,Malvaceae,Abutilon,peruvianum,Abutilon peruvianum,(Lam.) Kearney,Michael H. Nee,Nee 49694,1998,6,7,South America,Bolivia,"Within the Flora de la Region del Parque Nacional Amboro, but above the 700 m contour",-63.78333,-18.11666,NA,"P. Fryxell, 1999/Krapovickas",2000,NA,Santa Cruz,NA,1900.00000000,NA,2000.00000000,NA,NA,NA,NA,NA,NA,NA,NA,1998-06-07
Abutilon peruvianum,,5,2018-05-31 08:45:00-03,MO,MO,184624,PreservedSpecimen,Plantae,NA,NA,Malvaceae,Abutilon,peruvianum,Abutilon peruvianum,(Lam.) Kearney,Israel G. Vargas C.|et al.,Vargas Caballero 1324,1992,5,12,South America,Bolivia,"Parque Nacional Amboró. San Juan del Potrero, Naranjos. Bosques nublados con Myrtaceae y Podocarpaceae en el estrato arbóreo entre las herbáceas de sotobosque se encuentra una especie de Croton y muchas epífitas. Disturbado por ganadería y algunos chacos, y barbechos aislados.",-64.4333333,-17.8833333,NA,M. Nee (MO),2018,134,Santa Cruz,Manuel Maria Caballero,2150.00000000,5,NA,NA,NA,NA,NA,NA,NA,NA,NA,1992-05-12
Abutilon peruvianum,,6,2008-05-27 22:02:00-03,MO,MO,185286,PreservedSpecimen,Plantae,NA,NA,Malvaceae,Abutilon,peruvianum,Abutilon peruvianum,(Lam.) Kearney,Percy Núñez V.|C. Paycarmayta,Núñez Vargas 13137,1991,3,8,South America,Peru,"Marcapata; 176 km from Cusco on road to Maldonado, Marcapata remmant forest to Cocha.",-70.9,-13.41666,NA,P. Fryxell (TEX),1999,68,Cusco,Quispicanchis,3150.00000000,2,NA,NA,NA,NA,NA,NA,NA,NA,NA,1991-03-08
Abutilon peruvianum,,7,2014-12-16 12:51:00-02,MO,MO,185508,PreservedSpecimen,Plantae,NA,NA,Malvaceae,Abutilon,peruvianum,Abutilon peruvianum,(Lam.) Kearney,Percy Núñez V.,Núñez Vargas 7340,1987,3,6,South America,Peru,"Pomatales, ± 52 km de Cusco desde Pomatales, por Rapcca y Pachar en el camino ferroviario de Cusco a Quillabamba. Subpiso del mesoandino o quebradas bajas en el cañón de Huayocondo.",-72.2333333,-13.3166667,NA,P. Fryxell,1990,87-1,Cusco,Urubamba,2800.00000000,3,2950.00000000,NA,NA,NA,NA,NA,NA,NA,NA,1987-03-06
Abutilon peruvianum,,8,2008-05-27 22:02:00-03,MO,MO,187019,PreservedSpecimen,Plantae,NA,NA,Malvaceae,Abutilon,peruvianum,Abutilon peruvianum,(Lam.) Kearney,Timothy J. Killeen|Israel G. Vargas C.,Killeen 4143,1992,6,7,South America,Bolivia,"25 km al norte de San Juan de Potrero hacia Cerro Bravo. Bosque de Neblino con Podocarpus, Prumnopytis, Cedrilla y helechos arboreos. Muestras preservadas en alcohol.",-64.25,-17.8,NA,P. Fryxell (TEX),1994,48,Santa Cruz,Manuel Maria Caballero,2000.00000000,5,NA,NA,NA,NA,NA,NA,NA,NA,NA,1992-06-07
Abutilon peruvianum,,9,2008-05-27 22:02:00-03,MO,MO,187548,PreservedSpecimen,Plantae,NA,NA,Malvaceae,Abutilon,peruvianum,Abutilon peruvianum,(Lam.) Kearney,David N. Smith|G. Quintana|Valentín García,Smith 13379,1989,5,25,South America,Bolivia,"50 km al norte de Mataral (en la carretera Santa Cruz-Comarapa) pasando por San Juan del Potrero y bajando a la cuenca del alto Río Ichilo. Bosque pluvial montano, estado primario, en fondo del valle. Especimenes preservados en alcohol.",-64.26666,-17.88333,NA,P. Fryxell 1992 (Z),NA,40,Santa Cruz,Manuel Maria Caballero,2000.00000000,4,NA,NA,NA,NA,NA,NA,NA,NA,NA,1989-05-25
Abutilon peruvianum,,10,2013-10-16 05:39:00-03,MO,MO,187815,PreservedSpecimen,Plantae,NA,NA,Malvaceae,Abutilon,peruvianum,Abutilon peruvianum,(Lam.) Kearney,Camilo Díaz S.|Hamilton Beltrán,Díaz Santibáñez 3369,1989,3,21,South America,Peru,"Entre Kms 15 y 25, carretera entre Canchaque y Huancabamba.",-79.58333,-5.5,NA,P. Fryxell,1991,16,Piura,Huancabamba,NA,4,NA,NA,NA,NA,NA,NA,NA,NA,NA,1989-03-21
Abutilon peruvianum,,11,2019-01-25 04:35:00-02,MO,MO,1925502,PreservedSpecimen,Plantae,NA,NA,Malvaceae,Abutilon,peruvianum,Abutilon peruvianum,(Lam.) Kearney,Luis Valenzuela G.|Efraín Suclli|Isau Huamantupa|F. Carazas,Valenzuela Gamarra 69,2002,6,6,South America,Peru,"Dist. Vilcabamba, Oyara, Quebrada, Bosque Primario",-72.85083,-13.05138,NA,P. Fryxell (TEX),2004,NA,Cusco,NA,1980.00000000,6,2320.00000000,NA,NA,NA,NA,NA,NA,NA,NA,2002-06-06
Abutilon peruvianum,,12,2019-01-25 04:35:00-02,MO,MO,1926067,PreservedSpecimen,Plantae,NA,NA,Malvaceae,Abutilon,peruvianum,Abutilon peruvianum,(Lam.) Kearney,Luis Valenzuela G.|Washington L. Galiano|F. Carazas,Valenzuela Gamarra 254,2002,8,9,South America,Peru,"Dist. Ollantaytambo, Pomatales, Bosque Seco intervenido",-72.21888,-13.26666,NA,P. Fryxell (TEX),2004,NA,Cusco,Urubamba,1800.00000000,6,2300.00000000,NA,NA,NA,NA,NA,NA,NA,NA,2002-08-09
Abutilon peruvianum,,13,2019-01-25 04:35:00-02,MO,MO,1926161,PreservedSpecimen,Plantae,NA,NA,Malvaceae,Abutilon,peruvianum,Abutilon peruvianum,(Lam.) Kearney,Luis Valenzuela G.|Efraín Suclli|Isau Huamantupa|Jim Farfán|F. Carazas,Valenzuela Gamarra 281,2002,8,16,South America,Peru,"Dist. Abancay, Ñacchero, Bosque Secundario, junto a los cultivos",-72.9,-13.6,NA,P. Fryxell (TEX),2004,NA,Apurimac,Abancay,1800.00000000,5,2300.00000000,NA,NA,NA,NA,NA,NA,NA,NA,2002-08-16
Abutilon peruvianum,,14,2008-10-08 12:01:00-03,MO,MO,1952751,PreservedSpecimen,Plantae,NA,NA,Malvaceae,Abutilon,peruvianum,Abutilon peruvianum,(Lam.) Kearney,Saúl Altamirano|et al.,Altamirano Azurduy 834,2003,6,13,South America,Bolivia,"Ladera en exposición noreste con 40 de pendiente. Mesobosque montano húmedo, dominado por Weimannia bangii.W. microphylla, Hedyosmun angustifolium, H. racemosum, Alchornea pearcei, Alchornea cf latifolia, Didymopanax morototoni, Oreopanax cf trolli y Clethra scabra. El sotobosque dominado por Pteridophytos y Melastomataceae, presencia de muchas epífitas. Suelos poco profundos, pizarras y areniscas, se nota algunos afloramientos de rocas calizas.",-65.6122222,-17.1388889,NA,P. Fryxell (RSA),2008,NA,Cochabamba,Tiraque,2180.00000000,1,NA,NA,NA,NA,NA,NA,NA,NA,NA,2003-06-13
Abutilon peruvianum,,15,2011-02-19 16:38:00-02,MO,MO,2205115,PreservedSpecimen,Plantae,NA,NA,Malvaceae,Abutilon,peruvianum,Abutilon peruvianum,(Lam.) Kearney,Isau Huamantupa|E. Acurio|José Rolando Ayerbe,Huamantupa Chuquimaco 3628,2003,7,18,South America,Peru,"Dist. Ollantaytambo, Pachar, Bosque Seco espinoso",-72.21666,-13.26666,NA,P. Fryxell (TEX),2006,NA,Cusco,Urubamba,2870.00000000,4,NA,NA,NA,NA,NA,NA,NA,NA,NA,2003-07-18
Abutilon peruvianum,,16,2019-01-25 04:35:00-02,MO,MO,2205545,PreservedSpecimen,Plantae,NA,NA,Malvaceae,Abutilon,peruvianum,Abutilon peruvianum,(Lam.) Kearney,Luis Valenzuela G.,Valenzuela Gamarra 1732,2003,4,12,South America,Peru,"Dist. Machu Picchu, Bosque húmedo Primario",-72.55,-13.21666,NA,P. Fryxell (TEX),2006,NA,Cusco,Urubamba,2800.00000000,5,NA,NA,NA,NA,NA,NA,NA,NA,NA,2003-04-12
Abutilon peruvianum,,17,2013-06-02 05:38:00-03,MO,MO,2209396,PreservedSpecimen,Plantae,NA,NA,Malvaceae,Abutilon,peruvianum,Abutilon peruvianum,(Lam.) Kearney,Gloria Calatayud|Isau Huamantupa|Efraín Suclli|E. Acurio,Calatayud Hermosa 1437,2003,6,14,South America,Peru,"Dist. Santa Ana, Poromate, Bosque Primario Intervenido",-72.78333,-12.91666,NA,P. Fryxell (TEX),2006,NA,Cusco,NA,2118.00000000,8,NA,NA,NA,NA,NA,NA,NA,NA,NA,2003-06-14
Abutilon peruvianum,,18,2020-07-15 07:00:00-03,MO,MO,2698079,PreservedSpecimen,Plantae,NA,NA,Malvaceae,Abutilon,peruvianum,Abutilon peruvianum,(Lam.) Kearney,Alejandro Araujo M.|A. Antezana|D. Choque A.|Remberto Jove|Gerardo Jove,Araujo Murakami 1961,2005,6,17,South America,Bolivia,"Parque Nacional Madidi, Azariamas, Resina.",-68.5597222,-14.3297223,NA,P. Fryxell (RSA),2008,05-07,La Paz,Franz Tamayo,700.00000000,5,NA,NA,NA,NA,NA,NA,NA,NA,NA,2005-06-17
Abutilon peruvianum,,19,2020-07-16 06:24:00-03,MO,MO,2840371,PreservedSpecimen,Plantae,NA,NA,Malvaceae,Abutilon,peruvianum,Abutilon peruvianum,(Lam.) Kearney,Alejandro Araujo M.|A. T. Fernández C.|S. Paredes|Guzmán Jove,Araujo Murakami 2193,2005,10,8,South America,Bolivia,"Parque Nacional Madidi, Tuichi, Río San Juan, Buenahora.",-68.6519444,-14.1997222,NA,P. Fryxell (RSA),2008,05-10,La Paz,Franz Tamayo,940.00000000,2,NA,NA,NA,NA,NA,NA,NA,NA,NA,2005-10-08
Abutilon peruvianum,,20,2008-05-27 22:02:00-03,MO,MO,3039414,PreservedSpecimen,Plantae,NA,NA,Malvaceae,Abutilon,peruvianum,Abutilon peruvianum,(Lam.) Kearney,Michael O. Dillon,Dillon 4571,1986,4,15,South America,Peru,"Ca. 12 km from Contumazá, ca. 12 km from Contumazá on route to Cascas.",-78.81666,-7.43333,NA,P. Fryxell,1993,NA,Cajamarca,Contumazá,2590.00000000,NA,NA,NA,NA,NA,NA,NA,NA,NA,NA,1986-04-15
Abutilon peruvianum,,21,2015-09-25 06:24:00-03,MO,MO,3039507,PreservedSpecimen,Plantae,NA,NA,Malvaceae,Abutilon,peruvianum,Abutilon peruvianum,(Lam.) Kearney,René Chávez A.,Chávez Alfaro 3456,1976,5,7,South America,Peru,Camino a Huiñayhuayna. Bosque humedo sub tropical.,-72.5388889,-13.1908333,NA,P. Fryxell,1985,NA,Cusco,Urubamba,2800.00000000,NA,NA,NA,NA,NA,NA,NA,NA,NA,NA,1976-05-07
Abutilon peruvianum,,22,2013-06-02 05:38:00-03,MO,MO,3108724,PreservedSpecimen,Plantae,NA,NA,Malvaceae,Abutilon,peruvianum,Abutilon peruvianum,(Lam.) Kearney,Efraín Suclli,Suclli Montañés 2301,2005,3,9,South America,Peru,"Dist. Santa Teresa. Choquequiraw, camino a Yanama. Bosque húmedo",-72.5166667,-13.2166667,NA,P. Fryxell (RSA),2008,NA,Cusco,La Convención,3250.00000000,3,NA,NA,NA,NA,NA,NA,NA,NA,NA,2005-03-09
Abutilon peruvianum,,23,2013-08-23 04:12:00-03,MO,MO,3312467,PreservedSpecimen,Plantae,NA,NA,Malvaceae,Abutilon,peruvianum,Abutilon peruvianum,(Lam.) Kearney,J.A. Carrasco,Carrasco 330,2004,5,20,South America,Bolivia,Bosque Seco a las orillas del rio de Aguas Blancas.,-64.2413889,-17.8441666,NA,P. Fryxell (RSA),2008,NA,Santa Cruz,Florida,1608.00000000,1,NA,NA,NA,NA,NA,NA,NA,NA,NA,2004-05-20
Abutilon peruvianum,,24,2012-09-15 05:09:00-03,MO,MO,3337978,PreservedSpecimen,Plantae,NA,NA,Malvaceae,Abutilon,peruvianum,Abutilon peruvianum,(Lam.) Kearney,Jim Farfán,Farfán 602,2005,8,18,South America,Peru,"Dist. Cusco, Sacsayhuaman. Matorral",-71.98388,-13.505,NA,Paul Fryxell (RSA),2010,NA,Cusco,Cusco,3500.00000000,3,NA,NA,NA,NA,NA,NA,NA,NA,NA,2005-08-18
Abutilon peruvianum,,25,2019-01-25 04:35:00-02,MO,MO,3340012,PreservedSpecimen,Plantae,NA,NA,Malvaceae,Abutilon,peruvianum,Abutilon peruvianum,(Lam.) Kearney,Luis Valenzuela G.,Valenzuela Gamarra 6229,2006,2,22,South America,Peru,"Dist. Ollantaytambo, Huaytampo, Bosque primario",-72.36555,-13.19666,NA,Paul Fryxell (RSA/TEX),2011,NA,Cusco,Urubamba,3103.00000000,3,NA,NA,NA,NA,NA,NA,NA,NA,NA,2006-02-22
Abutilon peruvianum,,26,2008-05-27 22:02:00-03,MO,MO,3367408,PreservedSpecimen,Plantae,NA,NA,Malvaceae,Abutilon,peruvianum,Abutilon peruvianum,(Lam.) Kearney,Saúl Altamirano,Altamirano Azurduy 834,2003,6,13,South America,Bolivia,"El Limbo. Ladera en exposicion noreste con 40° de pendiente. Mesobosque montano humedo, dominado por Weimannia bangii.W. microphylla, Hedyosmun angustifolium, H. racemosum, Alchornea pearcei, Alchornea cf latifolia, Didymopanax morototoni, Oreopanax cf trolli y Clethra scabra. El sotobosque dominado por Pteridophytos y Melastomataceae, presencia de muchas epifitas. Suelos poco profundos, pizarras y areniscas, se nota algunos afloramientos de rocas calizas.",-65.61222,-17.13888,NA,NA,NA,NA,Cochabamba,Tiraque,2180.00000000,NA,NA,NA,NA,NA,NA,NA,NA,NA,NA,2003-06-13
Abutilon peruvianum,,27,2013-11-30 06:11:00-02,MO,MO,3368388,PreservedSpecimen,Plantae,NA,NA,Malvaceae,Abutilon,peruvianum,Abutilon peruvianum,(Lam.) Kearney,Alan Lisperguer,Lisperguer 40,2003,9,22,South America,Bolivia,"Siberia Oeste, Sunchal. Mesobosque montano de yunga . Serie Mesotropical pluviestacional humeda de Blepharocalyx salicifolius - Prumnopitys exigua, entre algunas especies diferenciales: Myrcianthes callicoma, Weinmannia microphylla, W. sorbifolia, Clethra scabra, Oreopanax sp. y Dicksonia sellowiana. Sotobosque denso con melastomataceas y varias familias de pteridophytas",-64.70166,-17.84444,NA,NA,NA,NA,Cochabamba,Carrasco,2800.00000000,NA,NA,NA,NA,NA,NA,NA,NA,NA,NA,2003-09-22
Abutilon peruvianum,,28,2015-04-21 05:44:00-03,MO,MO,3432132,PreservedSpecimen,Plantae,NA,NA,Malvaceae,Abutilon,peruvianum,Abutilon peruvianum,(Lam.) Kearney,Luzmila Arroyo P.|M. Vargas|Ivan Linneo|C. Roth,Arroyo Padilla 3202,2006,6,9,South America,Bolivia,"Camiri, camino hacia el Chorro, orillas del Río Parapeti. Bosque ribereño.",-63.5661111,-20.0169445,NA,P. Fryxell (RSA),2009,NA,Santa Cruz,Cordillera,500.00000000,1,800.00000000,NA,NA,NA,NA,NA,NA,NA,NA,2006-06-09
Abutilon peruvianum,,29,2015-04-21 05:44:00-03,MO,MO,3432134,PreservedSpecimen,Plantae,NA,NA,Malvaceae,Abutilon,peruvianum,Abutilon peruvianum,(Lam.) Kearney,Luzmila Arroyo P.|M. Vargas|Ivan Linneo|C. Roth,Arroyo Padilla 3299,2006,6,11,South America,Bolivia,"Entrando 20 km sobre la carretera que va a Sucre. Subiendo hacia el lugar llamado la peña. Bosque húmedo, piso inferior del Tucumano-Boliviano.",-63.6722223,-19.5275,NA,P. Fryxell (RSA),2009,NA,Santa Cruz,Cordillera,1050.00000000,1,NA,NA,NA,NA,NA,NA,NA,NA,NA,2006-06-11
Abutilon peruvianum,,30,2013-08-23 04:12:00-03,MO,MO,3369625,PreservedSpecimen,Plantae,NA,NA,Malvaceae,Abutilon,peruvianum,Abutilon peruvianum,(Lam.) Kearney,Erika Fernández,Fernández Terrazas 2249,2003,8,16,South America,Bolivia,"Astillero. Mesobosque montano de yunga . Serie Mesotropical pluviestacional humeda de Blepharocalyx salicifolius - Prumnopitys exigua, entre algunas especies diferenciales: Myrcianthes callicoma, Weinmannia microphylla, W. sorbifolia, Clethra scabra, Oreopanax sp. y Dicksonia sellowiana. Sotobosque denso con melastomataceas y varias familias de pteridophytas",-64.67972,-17.81777,NA,NA,NA,NA,Santa Cruz,Manuel Maria Caballero,2630.00000000,NA,NA,NA,NA,NA,NA,NA,NA,NA,NA,2003-08-16
Abutilon peruvianum,,31,2009-01-22 11:34:00-02,MO,MO,1974870,PreservedSpecimen,Plantae,NA,NA,Malvaceae,Abutilon,peruvianum,Abutilon peruvianum,(Lam.) Kearney,J.A. Carrasco|et al.,Carrasco 279,2004,4,12,South America,Bolivia,Bosque nublado intervenido por cultivos y ganados con bastante vegetación secundaria con Alnus Acuminata. Entre Kjarawuasi y San mateo a la orila del río.,-64.7386111,-17.7377777,NA,P. Fryxell (RSA),2008,NA,Santa Cruz,Manuel Maria Caballero,1830.00000000,1,NA,NA,NA,NA,NA,NA,NA,NA,NA,2004-04-12
Abutilon peruvianum,,32,2008-05-27 22:02:00-03,MO,MO,1718949,PreservedSpecimen,Plantae,NA,NA,Malvaceae,Abutilon,peruvianum,Abutilon peruvianum,(Lam.) Kearney,Israel G. Vargas C.|et al.,Vargas Caballero 2305,1997,5,8,South America,Bolivia,"PARQUE NACIONAL AMBORÓ. El Locotal, 5-8 km entrando desde La Siberia, trayecto entre el Empalme y Khara Huasi. vegetación natural muy disturbada por cultivos agrícolas.",-64.75,-17.75194,NA,P. Fryxell '96,NA,NA,Santa Cruz,Manuel Maria Caballero,2200.00000000,NA,NA,NA,NA,NA,NA,NA,NA,NA,NA,1997-05-08
Abutilon peruvianum,,33,2020-01-15 04:34:00-03,MO,MO,3443237,PreservedSpecimen,Plantae,NA,NA,Malvaceae,Abutilon,peruvianum,Abutilon peruvianum,(Lam.) Kearney,Jehizon Terán|E. Rodríguez|D. Soux,Terán Aguilar 2706,2008,6,28,South America,Bolivia,"Sillar. Km 120 de la carretera Cochabamba-Villa Tunarí, con pendiente de 40% arpox. y exposición este. Estrato arbóreo de unos 20 mt de altura se observan especies de la familias Rubiáceas, Melastomatáceas y Solanáceas.",-65.6905555,-17.1261111,NA,P. Fryxell (TEX),2009,NA,Chuquisaca,Hernando Siles,1021.00000000,1,NA,NA,NA,NA,NA,NA,NA,NA,NA,2008-06-28
Abutilon peruvianum,,34,2015-03-13 18:48:59-03,F,F-SEEDPLANTS,V0225086F,PreservedSpecimen,Plantae,Dicotyledoneae,NA,Malvaceae,Abutilon,peruvianum,Abutilon peruvianum,NA,NA,NA,NA,NA,NA,South America,Peru,NA,-74.14,-9.1839,V0225086F,NA,NA,NA,NA,NA,NA,NA,NA,Spermatophyta,NA,NA,NA,NA,NA,NA,NA,NA
Abutilon peruvianum,,35,2015-03-13 18:48:59-03,F,F-SEEDPLANTS,V0225087F,PreservedSpecimen,Plantae,Dicotyledoneae,NA,Malvaceae,Abutilon,peruvianum,Abutilon peruvianum,NA,NA,NA,NA,NA,NA,South America,Peru,NA,-74.14,-9.1839,V0225087F,NA,NA,NA,NA,NA,NA,NA,NA,Spermatophyta,NA,NA,NA,NA,NA,NA,NA,NA
Abutilon peruvianum,,36,2015-03-13 18:48:59-03,F,F-SEEDPLANTS,V0225088F,PreservedSpecimen,Plantae,Dicotyledoneae,NA,Malvaceae,Abutilon,peruvianum,Abutilon peruvianum,NA,NA,NA,NA,NA,NA,South America,Peru,NA,-74.14,-9.1839,V0225088F,NA,NA,NA,NA,NA,NA,NA,NA,Spermatophyta,NA,NA,NA,NA,NA,NA,NA,NA
Abutilon peruvianum,,37,2015-03-13 18:48:59-03,F,F-SEEDPLANTS,V0225089F,PreservedSpecimen,Plantae,Dicotyledoneae,NA,Malvaceae,Abutilon,peruvianum,Abutilon peruvianum,NA,NA,NA,NA,NA,NA,South America,Peru,NA,-74.14,-9.1839,V0225089F,NA,NA,NA,NA,NA,NA,NA,NA,Spermatophyta,NA,NA,NA,NA,NA,NA,NA,NA
Abutilon peruvianum,,38,2015-03-13 18:48:59-03,F,F-SEEDPLANTS,V0225090F,PreservedSpecimen,Plantae,Dicotyledoneae,NA,Malvaceae,Abutilon,peruvianum,Abutilon peruvianum,NA,NA,NA,NA,NA,NA,South America,Peru,NA,-74.14,-9.1839,V0225090F,NA,NA,NA,NA,NA,NA,NA,NA,Spermatophyta,NA,NA,NA,NA,NA,NA,NA,NA
Abutilon peruvianum,,39,2015-03-13 18:48:59-03,F,F-SEEDPLANTS,V0225091F,PreservedSpecimen,Plantae,Dicotyledoneae,NA,Malvaceae,Abutilon,peruvianum,Abutilon peruvianum,NA,NA,NA,NA,NA,NA,South America,Bolivia,NA,-64.435,-16.7261,V0225091F,NA,NA,NA,NA,NA,NA,NA,NA,Spermatophyta,NA,NA,NA,NA,NA,NA,NA,NA
Abutilon peruvianum,,40,2015-03-13 18:49:00-03,F,F-SEEDPLANTS,V0225092F,PreservedSpecimen,Plantae,Dicotyledoneae,NA,Malvaceae,Abutilon,peruvianum,Abutilon peruvianum,NA,NA,NA,NA,NA,NA,South America,Peru,NA,-74.14,-9.1839,V0225092F,NA,NA,NA,NA,NA,NA,NA,NA,Spermatophyta,NA,NA,NA,NA,NA,NA,NA,NA
Abutilon peruvianum,,41,2015-03-13 18:49:00-03,F,F-SEEDPLANTS,V0225093F,PreservedSpecimen,Plantae,Dicotyledoneae,NA,Malvaceae,Abutilon,peruvianum,Abutilon peruvianum,NA,NA,NA,NA,NA,NA,South America,Peru,NA,-74.14,-9.1839,V0225093F,NA,NA,NA,NA,NA,NA,NA,NA,Spermatophyta,NA,NA,NA,NA,NA,NA,NA,NA
Abutilon peruvianum,,42,2015-03-13 18:49:00-03,F,F-SEEDPLANTS,V0225094F,PreservedSpecimen,Plantae,Dicotyledoneae,NA,Malvaceae,Abutilon,peruvianum,Abutilon peruvianum,NA,NA,NA,NA,NA,NA,South America,Peru,NA,-74.14,-9.1839,V0225094F,NA,NA,NA,NA,NA,NA,NA,NA,Spermatophyta,NA,NA,NA,NA,NA,NA,NA,NA
Abutilon peruvianum,,43,2015-03-13 18:49:00-03,F,F-SEEDPLANTS,V0225095F,PreservedSpecimen,Plantae,Dicotyledoneae,NA,Malvaceae,Abutilon,peruvianum,Abutilon peruvianum,NA,NA,NA,NA,NA,NA,South America,Peru,NA,-74.14,-9.1839,V0225095F,NA,NA,NA,NA,NA,NA,NA,NA,Spermatophyta,NA,NA,NA,NA,NA,NA,NA,NA
Abutilon peruvianum,,44,2019-08-12 15:01:01-03,F,F-SEEDPLANTS,V0524366F,PreservedSpecimen,Plantae,Dicotyledoneae,NA,Malvaceae,Abutilon,peruvianum,Abutilon peruvianum,NA,A. Glenn,600,2010,7,12,South America,Peru,NA,-74.14,-9.1839,V0524366F,NA,NA,NA,NA,NA,NA,NA,NA,Spermatophyta,NA,NA,NA,NA,NA,NA,NA,2010-07-12
Abutilon turumiquirense,,1,2019-09-05 16:32:22-03,F,F-SEEDPLANTS,V0062863F,PreservedSpecimen,Plantae,Dicotyledoneae,NA,Malvaceae,Abutilon,turumiquirense,Abutilon turumiquirense,NA,J. A. Steyermark,62689,1945,5,10,South America,Venezuela,NA,-65.9119,7.0758,V0062863F,NA,NA,NA,NA,NA,NA,NA,NA,Spermatophyta,Holotype,NA,NA,NA,NA,NA,NA,1945-05-10
Acacia baileyana,,1,2019-11-07 14:09:00-03,MO,MO,101164345,PreservedSpecimen,Plantae,NA,NA,Fabaceae,Acacia,baileyana,Acacia baileyana,F. Muell.,Alfredo F. Fuentes,Fuentes Claros 21534,2019,9,8,South America,Bolivia,"Ciudad de La Paz, zona sur, colegio Saint Andrews.",-68.0875,-16.5488889,NA,A. Fuentes (LPB),2019,NA,La Paz,Murillo,3260.00000000,1,NA,NA,NA,NA,NA,NA,NA,NA,NA,2019-09-08
Acacia dealbata,,1,2022-10-25 16:39:00-03,NBC,NL-BOTANY,U.1258517,PreservedSpecimen,Plantae,Magnoliopsidae,Fabales,Leguminosae-Mim.,Acacia,dealbata,Acacia dealbata,Link,Solomon JC; Zeballos R,"Solomon, JC; Zeballos, R 15476",1986,08,07,Southern America,Bolivia,Dpto. La Paz: Prov. Murillo. Calacoto (La Paz).,-68.133333,-16.516667,NL-U1258517,NA,NA,NA,NA,NA,NA,NA,NA,NA,NA,NA,NA,NA,NA,NA,NA,1986-08-07
Acacia dealbata,,2,2015-08-26 15:08:00-03,MO,MO,100856173,PreservedSpecimen,Plantae,NA,NA,Fabaceae,Acacia,dealbata,Acacia dealbata,Link,Z. Torrez,Torrez 1,2008,1,15,South America,Bolivia,"Zona Sur - Corta Cota, Herbario Nacional de Bolivia.",-68.5,-16.4166667,NA,"Michel, R. D.",2009,NA,La Paz,Murillo,3450.00000000,1,NA,NA,NA,NA,NA,NA,NA,NA,NA,2008-01-15
Acacia dealbata,,3,2017-01-10 15:59:00-02,MO,MO,2786638,PreservedSpecimen,Plantae,NA,NA,Fabaceae,Acacia,dealbata,Acacia dealbata,Link,Francisco J. Roldán|Ramiro Fonnegra G.,Roldán 2628,1997,4,2,South America,Colombia,"Mpios. Medellín & Guarne. Parque Ecológico Piedras Blancas, plantas ornamentales de la Cabaña",-75.4833333,6.3,NA,J.E. Ebinger & D.S. Seigler (ILL),2008,NA,Antioquia,NA,1950.00000000,1,NA,NA,NA,NA,NA,NA,NA,NA,NA,1997-04-02
Acacia dealbata,,4,2008-05-27 22:02:00-03,MO,MO,88445,PreservedSpecimen,Plantae,NA,NA,Fabaceae,Acacia,dealbata,Acacia dealbata,Link,James C. Solomon,Solomon 5928,1981,8,7,South America,Bolivia,Calacoto (La Paz). Cultivated garden plants.,-68.13333,-16.51666,NA,J.C. Solomon,1986,180,La Paz,Murillo,3300.00000000,3,NA,NA,NA,NA,NA,NA,NA,NA,NA,1981-08-07
Acacia decurrens,,1,2015-07-23 09:05:00-03,MO,MO,100833204,PreservedSpecimen,Plantae,NA,NA,Fabaceae,Acacia,decurrens,Acacia decurrens,Willd.,Ángel Fernández,Fernández 34917,2014,10,8,South America,Venezuela,"Caracas. Lomas boscosas entre urbanizaciones Santa Sofía y San Luis, sector El Cafetal.",-66.8463889,10.4702778,NA,A. Fernández,2014,NA,Miranda,Baruta,900.00000000,1,980.00000000,NA,NA,NA,NA,NA,NA,NA,NA,2014-10-08
Acacia decurrens,,2,2014-04-13 05:22:00-03,MO,MO,1053870,PreservedSpecimen,Plantae,NA,NA,Fabaceae,Acacia,decurrens,Acacia decurrens,Willd.,Fany Llanos,Llanos H. 532,1985,5,24,South America,Colombia,Quebrada Batea; margen de la quebra da y orillas de la trocha.,-75.264066,3.139204,NA,NA,NA,NA,Huila,Villavieja,NA,NA,NA,NA,NA,NA,NA,NA,NA,NA,NA,1985-05-24
Acacia decurrens,,3,2012-03-27 10:58:00-03,MO,MO,1132311,PreservedSpecimen,Plantae,NA,NA,Fabaceae,Acacia,decurrens,Acacia decurrens,Willd.,Mary E. Fallen|Linda K. Albert de Escobar,Fallen 727,1979,6,14,South America,Ecuador,"Outside Otavalo, on road to Ibarra.",-78.2666667,0.2333333,NA,R. Liesner,1984,NA,Imbabura,Otavalo,2100.00000000,1,NA,NA,NA,NA,NA,NA,NA,NA,NA,1979-06-14
Acacia longifolia,,1,2015-09-04 02:34:30-03,MNHN,RECOLNAT_MNHN_P,P03103365,PreservedSpecimen,NA,NA,NA,Fabaceae,Acacia,longifolia,Acacia longifolia,(Andrews) Willd.,"Humbert, H.",NA,1948,10,31,NA,Argentine,Amérique du Sud: Argentine. De Buenos Aires à La Plata. Altitude: 5-20 m.,-58.22822,-34.74239,P03103365,NA,NA,21268,Buenos Aires,NA,NA,NA,NA,NA,NA,hb,<a href='http://coldb.mnhn.fr/catalognumber/mnhn/p/p03103365' target='other'> <mi>dwc_moreinfo</mi></a>,NA,NA,NA,NA,1948-10-31
Acacia longifolia,,2,2008-05-27 22:02:00-03,MO,MO,947913,PreservedSpecimen,Plantae,NA,NA,Fabaceae,Acacia,longifolia,Acacia longifolia,(Andrews) Willd.,Inés Padilla|et al.,Padilla 2060,1991,2,21,South America,Ecuador,"Parque La Carolina, Quito. Bosque humedo montano. Suelo cultivado. PROYECTO ARBOLES Y ARBUSTOS DE PARQUES Y AVENIDAS DE QUITO; Escuela de Biologia, Universidad central del Ecuador.",-78.5,-0.25,NA,L. Rico,1995,NA,Pichincha,Quito,2812.00000000,1,NA,NA,NA,NA,NA,NA,NA,NA,NA,1991-02-21
Acacia mangium,,1,2011-02-24 12:03:00-03,MO,MO,1950779,PreservedSpecimen,Plantae,NA,NA,Fabaceae,Acacia,mangium,Acacia mangium,Willd.,Francisco J. Roldán|et al.,Roldán 3153,1999,6,30,South America,Colombia,Carretera Caceres-Caucasia,-75.2,7.71666,NA,NA,NA,NA,Antioquia,Cáceres,50.00000000,NA,NA,NA,NA,NA,NA,NA,NA,NA,NA,1999-06-30
Acacia mangium,,2,2012-04-19 05:08:00-03,MO,MO,1965506,PreservedSpecimen,Plantae,NA,NA,Fabaceae,Acacia,mangium,Acacia mangium,Willd.,J. C. Marrugo,Marrugo 85,2001,3,23,South America,Colombia,Universidad Nacional. bh-P,-75.56666,6.25,NA,NA,NA,NA,Antioquia,Rionegro,1450.00000000,NA,NA,NA,NA,NA,NA,NA,NA,NA,NA,2001-03-23
Acacia mearnsii,,1,2008-05-27 22:02:00-03,MO,MO,1132304,PreservedSpecimen,Plantae,NA,NA,Fabaceae,Acacia,mearnsii,Acacia mearnsii,De Wild.,Inés Padilla,Padilla 2033,1991,2,16,South America,Ecuador,Quito. Parque La Alameda.,-78.5,-0.25,NA,D.A. Neill,1997,NA,Pichincha,Quito,2800.00000000,NA,NA,NA,NA,NA,NA,NA,NA,NA,NA,1991-02-16
Acacia mearnsii,,2,2008-05-27 22:02:00-03,MO,MO,882307,PreservedSpecimen,Plantae,NA,NA,Fabaceae,Acacia,mearnsii,Acacia mearnsii,De Wild.,J. Richard Abbott,Abbott 15362,1994,10,14,South America,Ecuador,"Quito; in El Parque La Carolina, proposed site of Quito Botanical Garden; disturbed area with artificial mounds of dirt.",-78.5,-0.11666,NA,D. Neill,1996,NA,Pichincha,Quito,2800.00000000,NA,NA,NA,NA,NA,NA,NA,NA,NA,NA,1994-10-14
Acacia mearnsii,,3,2008-05-27 22:02:00-03,MO,MO,89065,PreservedSpecimen,Plantae,NA,NA,Fabaceae,Acacia,mearnsii,Acacia mearnsii,De Wild.,James C. Solomon,Solomon 12765,1984,11,16,South America,Bolivia,Calacoto (La Paz). Cultivated plants.,-68.08333,-16.53333,NA,R.E. Gereau,1988,84-117,La Paz,Murillo,3300.00000000,6,NA,NA,NA,NA,NA,NA,NA,NA,NA,1984-11-16
Acacia mearnsii,,4,2008-05-27 22:02:00-03,MO,MO,89645,PreservedSpecimen,Plantae,NA,NA,Fabaceae,Acacia,mearnsii,Acacia mearnsii,De Wild.,James C. Solomon|R. Zeballos,Solomon 15476,1986,8,7,South America,Bolivia,Calacoto (La Paz). ORNAMENTAL PLANTS.,-68.13333,-16.51666,NA,R.E. Gereau,1988,86-44,La Paz,Murillo,3300.00000000,5,NA,NA,NA,NA,NA,NA,NA,NA,NA,1986-08-07
Acacia mearnsii,,5,2008-05-27 22:02:00-03,MO,MO,89679,PreservedSpecimen,Plantae,NA,NA,Fabaceae,Acacia,mearnsii,Acacia mearnsii,De Wild.,James C. Solomon|R. Zeballos,Solomon 15479,1986,8,7,South America,Bolivia,Calacoto (La Paz). ORNAMENTAL PLANTS.,-68.13333,-16.51666,NA,J. C. Solomon,1986,86-44,La Paz,Murillo,3300.00000000,6,NA,NA,NA,NA,NA,NA,NA,NA,NA,1986-08-07
Acacia mearnsii,,6,2023-01-28 20:00:02-03,FLAS,FLAS,190201,PreservedSpecimen,Plantae,NA,NA,Fabaceae,Acacia,mearnsii,Acacia mearnsii,De Wild.,J. Richard Abbott,15362,1994,10,14,NA,Ecuador,NA,-78.5,-0.1166667,NA,NA,NA,NA,Pichincha,Quito,NA,NA,NA,NA,NA,Preserved herbarium specimen,NA,NA,NA,NA,NA,1994-10-14
Acacia melanoxylon,,1,2022-10-25 16:39:00-03,NBC,NL-BOTANY,U.1245469,PreservedSpecimen,Plantae,Magnoliopsidae,Fabales,Leguminosae-Mim.,Acacia,melanoxylon,Acacia melanoxylon,R.Br.,Fonnegra Gomez R; Roldán FJ; Acevedo A,"Fonnegra Gomez, R; Roldán, FJ; Acevedo, A 5601",1995,05,20,Southern America,Colombia,Municipios Medellín - Guarne,-75.483333,6.3,NL-U1245469,Rico-Arce M de L.,NA,NA,Antioquia,NA,NA,NA,0m,NA,NA,NA,NA,NA,NA,NA,NA,1995-05-20
Acacia melanoxylon,,2,2023-02-01 11:13:24-03,UNICAMP,UEC,180824,S,Plantae,NA,NA,Fabaceae,Acacia,melanoxylon,Acacia melanoxylon,R.Br.,"Bonzani, NE",121,2009,05,15,NA,Argentina,Cementerio Parque del sol; camino a Rio Ceballos.,-64.174167,-32.380556,UEC074670,"Bonzani, NE",2009,NA,Córdoba,Colón,NA,NA,NA,Magnoliopsida,NA,NA,NA,-64.174167,-32.380556,NA,NA,2009-05-15
Acacia melanoxylon,,3,2015-09-04 02:36:49-03,MNHN,RECOLNAT_MNHN_P,P03103270,PreservedSpecimen,NA,NA,NA,Fabaceae,Acacia,melanoxylon,Acacia melanoxylon,R.Br.,"Nee, M.",NA,1985,10,13,NA,Bolivie,"Bolivia. Depto. La Paz, prov. Murillo, La Paz, in Obrajes, a suburb on the far SE side of the city. alt. 3300m.",-68.1,-16.53333,P03103270,NA,NA,32061,La Paz,NA,NA,NA,NA,NA,NA,hb,<a href='http://coldb.mnhn.fr/catalognumber/mnhn/p/p03103270' target='other'> <mi>dwc_moreinfo</mi></a>,NA,NA,NA,NA,1985-10-13
Acacia melanoxylon,,4,2015-09-04 02:36:49-03,MNHN,RECOLNAT_MNHN_P,P03103273,PreservedSpecimen,NA,NA,NA,Fabaceae,Acacia,melanoxylon,Acacia melanoxylon,R.Br.,Calot,NA,1876,2,1,NA,Argentine,"République Argentine. Buenos Aires, Paseo de Julio",-58.39087,-34.53128,P03103273,NA,NA,9,Buenos Aires,NA,NA,NA,NA,NA,NA,hb,<a href='http://coldb.mnhn.fr/catalognumber/mnhn/p/p03103273' target='other'> <mi>dwc_moreinfo</mi></a>,NA,NA,NA,NA,1876-02-01
Acacia melanoxylon,,5,2015-09-04 02:36:49-03,MNHN,RECOLNAT_MNHN_P,P03103275,PreservedSpecimen,NA,NA,NA,Fabaceae,Acacia,melanoxylon,Acacia melanoxylon,R.Br.,"Duque Jaramillo, J.M.",NA,1946,3,20,NA,Colombie,"Colombia. Cundinamarca : Bogota, jardines y parques. Alt. 2620 m. Parque de San Diego",-74.07028,4.61225,P03103275,NA,NA,2950,Cundinamarca,NA,NA,NA,NA,NA,NA,hb,<a href='http://coldb.mnhn.fr/catalognumber/mnhn/p/p03103275' target='other'> <mi>dwc_moreinfo</mi></a>,NA,NA,NA,NA,1946-03-20
Acacia melanoxylon,,6,2020-10-17 17:10:00-03,MO,MO,101229204,PreservedSpecimen,Plantae,NA,NA,Fabaceae,Acacia,melanoxylon,Acacia melanoxylon,R. Br.,Sulaya Bayancela,Bayancela 133,2007,12,20,South America,Ecuador,Quito. Santa Prisca. Inmediaciones de la Universidad Central del Ecuador. Arboles cultivados en zona urbana.,-78.5030556,-0.1983333,NA,NA,NA,NA,Pichincha,Quito,2825.00000000,1,NA,NA,NA,NA,NA,NA,NA,NA,NA,2007-12-20
Acacia melanoxylon,,7,2008-05-27 22:02:00-03,MO,MO,1132316,PreservedSpecimen,Plantae,NA,NA,Fabaceae,Acacia,melanoxylon,Acacia melanoxylon,R. Br.,Inés Padilla,Padilla 2059,1991,2,16,South America,Ecuador,"Quito, Parque La Alameda",-78.5,-0.25,NA,D.A. Neill,1997,NA,Pichincha,Quito,2800.00000000,NA,NA,NA,NA,NA,NA,NA,NA,NA,NA,1991-02-16
Acacia melanoxylon,,8,2011-06-21 05:10:00-03,MO,MO,1509407,PreservedSpecimen,Plantae,NA,NA,Fabaceae,Acacia,melanoxylon,Acacia melanoxylon,R. Br.,Ramiro Fonnegra G.|et al.,Fonnegra G. 5601,1995,5,20,South America,Colombia,"Mpios. Medellín y Guarne: Parque Ecológico Piedras Blancas, Parajes La Soledad y Piedras Blancas, quebrada Piedras Blancas.",-75.48333,6.3,NA,L. Rico (K),2000,NA,Antioquia,NA,2350.00000000,NA,NA,NA,NA,NA,NA,NA,NA,NA,NA,1995-05-20
Acacia melanoxylon,,9,2008-05-27 22:02:00-03,MO,MO,1531132,PreservedSpecimen,Plantae,NA,NA,Fabaceae,Acacia,melanoxylon,Acacia melanoxylon,R. Br.,Michael H. Nee,Nee 32061,1985,10,13,South America,Bolivia,"La Paz, in Obrajes, a suburb on the far SE side of the city.",-68.1,-16.53333,NA,R. Barneby,1986,NA,La Paz,Murillo,3300.00000000,NA,NA,NA,NA,NA,NA,NA,NA,NA,NA,1985-10-13
Acacia melanoxylon,,10,2008-05-27 22:02:00-03,MO,MO,1557613,PreservedSpecimen,Plantae,NA,NA,Fabaceae,Acacia,melanoxylon,Acacia melanoxylon,R. Br.,W. Montenegro|Grupo Post-Grado MO-QCNE,Montenegro 75,2001,1,29,South America,Ecuador,"Instalaciones del Jardín Botánico de Quito, en el interior del predio, cuya vegetacio||4n es plantada y de crecimiento expontáneoeo.",-78.46722,-0.14944,NA,D. Neill (QCNE),2001,NA,Pichincha,Quito,2800.00000000,NA,NA,NA,NA,NA,NA,NA,NA,NA,NA,2001-01-29
Acacia melanoxylon,,11,2011-03-16 15:56:00-03,MO,MO,1931978,PreservedSpecimen,Plantae,NA,NA,Fabaceae,Acacia,melanoxylon,Acacia melanoxylon,R. Br.,Jorge E. Ramos|J. Contreras|L. Ramos,Ramos 6719,2003,7,29,South America,Ecuador,"Cantón Sigchos, al S.E. de las parcelas, en un arbolado.",-78.84222,-0.62472,NA,G.P. Lewis (K),2004,NA,Cotopaxi,NA,2936.00000000,8,NA,NA,NA,NA,NA,NA,NA,NA,NA,2003-07-29
Acacia melanoxylon,,12,2008-05-27 22:02:00-03,MO,MO,1965507,PreservedSpecimen,Plantae,NA,NA,Fabaceae,Acacia,melanoxylon,Acacia melanoxylon,R. Br.,* MEDEL,MEDEL 11a,1997,2,22,South America,Colombia,Vereda Belen. bh-MB,-75.38333,6.15,NA,E. Gomez,1997,NA,Antioquia,Rionegro,2120.00000000,NA,NA,NA,NA,NA,NA,NA,NA,NA,NA,1997-02-22
Acacia melanoxylon,,13,2008-05-27 22:02:00-03,MO,MO,882282,PreservedSpecimen,Plantae,NA,NA,Fabaceae,Acacia,melanoxylon,Acacia melanoxylon,R. Br.,J. Richard Abbott,Abbott 15336,1994,10,14,South America,Ecuador,"Quito; in El Parque La Carolina, proposed site of Quito Botanical Garden; disturbed area with artificial mounds of dirt.",-78.5,-0.11666,NA,J.R. Abbott (BEREA),1994,NA,Pichincha,Quito,2800.00000000,NA,NA,NA,NA,NA,NA,NA,NA,NA,NA,1994-10-14
Acacia melanoxylon,,14,2008-05-27 22:02:00-03,MO,MO,89224,PreservedSpecimen,Plantae,NA,NA,Fabaceae,Acacia,melanoxylon,Acacia melanoxylon,R. Br.,James C. Solomon,Solomon 12806,1984,11,16,South America,Bolivia,Calacoto (La Paz). Cultivated plants.,-68.08333,-16.53333,NA,R.E. Gereau,1988,84-117,La Paz,Murillo,3300.00000000,7,NA,NA,NA,NA,NA,NA,NA,NA,NA,1984-11-16
Acacia melanoxylon,,15,2018-05-14 16:33:36-03,F,F-SEEDPLANTS,V0359486F,PreservedSpecimen,Plantae,Dicotyledoneae,NA,Fabaceae,Acacia,melanoxylon,Acacia melanoxylon,NA,J. M. Duque Jaramillo,8950,1946,4,20,South America,Colombia,NA,-74.1667,5,V0359486F,RRC ID Flag,NA,8950,Cundinamarca,NA,NA,NA,NA,Spermatophyta,NA,NA,NA,NA,NA,NA,NA,1946-04-20
Acacia melanoxylon,,16,2018-05-14 17:31:54-03,F,F-SEEDPLANTS,V0359487F,PreservedSpecimen,Plantae,Dicotyledoneae,NA,Fabaceae,Acacia,melanoxylon,Acacia melanoxylon,NA,M. Nee,32061,1985,10,13,South America,Bolivia,NA,-68,-15.5,V0359487F,RRC ID Flag,1986,32061,La Paz,NA,NA,NA,NA,Spermatophyta,NA,NA,NA,NA,NA,NA,NA,1985-10-13
Acacia melanoxylon,,17,2022-10-26 18:26:00-03,US,US,US 3656634,PreservedSpecimen,Plantae,Dicotyledonae,Fabales,Fabaceae,Acacia,melanoxylon,Acacia melanoxylon,R. Br.,"R. Fonnegra G., F. J. Roldán & A. Acevedo",5601,1995,5,20,South America - Neotropics,Colombia,"Municipios Medellin y Guarne: Parque Ecologica Piedras Blancas, Parajes La Soledad y Piedras Blancas quebrada Piedras Blancas",-75.48,6.3,US02197627,NA,NA,NA,Antioquia,NA,2350.0,1,NA,NA,NA,NA,NA,NA,NA,NA,NA,1995-05-20
Acacia melanoxylon,,18,2022-12-19 16:39:04-03,UFRGS,ICN,181583,S,Plantae,NA,NA,Fabaceae,Acacia,melanoxylon,Acacia melanoxylon,R. Br.,"Bonzani, NE",121,2009,05,15,América do Sul,Argentina,"Cemitério Parque del sol, a caminho do rio Ceballos",-64.1027,-31.0825,ICN00016906,"Bonzani, NE",2009,NA,Córdoba,Colón,NA,NA,NA,Dicotyledon,NA,NA,Doação Herbário CORD,-64.1027,-31.0825,NA,NA,2009-05-15
Acacia melanoxylon,,19,2023-01-28 20:00:02-03,FLAS,FLAS,190202,PreservedSpecimen,Plantae,NA,NA,Fabaceae,Acacia,melanoxylon,Acacia melanoxylon,R.Br.,J. Richard Abbott,15336,1994,10,14,NA,Ecuador,NA,-78.5,-0.1166667,NA,NA,NA,NA,Pichincha,Quito,NA,NA,NA,NA,NA,Preserved herbarium specimen,NA,NA,NA,NA,NA,1994-10-14
Acacia neriifolia,,1,2015-08-05 08:59:00-03,MO,MO,2879630,PreservedSpecimen,Plantae,NA,NA,Fabaceae,Acacia,neriifolia,Acacia neriifolia,A. Cunn. ex Benth.,Calaway H. Dodson|P.M. Dodson,Dodson 11809,1981,10,10,South America,Ecuador,"Plants cultivated in the garden of M. & S. Jaramillo at Chullabamba, 10 km N of Cuenca.",-78.906,-2.842,NA,R. Liesner,1984,160,Azuay,NA,2320.00000000,1,NA,NA,NA,NA,NA,NA,NA,NA,NA,1981-10-10
Acacia neriifolia,,2,2022-12-27 14:34:10-03,IAC,IAC,18799,PreservedSpecimen,1,109,646,Fabaceae(=Leguminosae)-53.Caesalpinioideae-Mimosea,Acacia,neriifolia,Acacia neriifolia,A.Cunn. ex Benth.,T. Looser,2895,1934,07,03,NA,Argentina,Cerro Caracol,-57.9,-28.4167,NA,C. Aranha,1985,NA,2006,Concepción,NA,NA,NA,12,NA,NA,NA,-57.9000,-28.4167,09,12,1934-07-03
Acacia pycnantha,,1,2015-07-23 11:53:00-03,MO,MO,1736328,PreservedSpecimen,Plantae,NA,NA,Fabaceae,Acacia,pycnantha,Acacia pycnantha,Benth.,Carlos E. Cerón,Cerón Martínez 16481,1991,9,23,South America,Ecuador,"Parroquia Palmira. Bosque Seco Montano Bajo. Informantes: F. Celso, S. Mariano M. Manuel, P. Manuel, D. José, B. Ivonne & L. Josefa.",-78.72861,-2.07861,NA,D.S. Seigler & J.E. Ebinger,2009,62,Chimborazo,Guamote,3247.00000000,3,NA,NA,NA,NA,NA,NA,NA,NA,NA,1991-09-23
Acacia retinodes,,1,2009-12-30 16:06:00-02,MO,MO,100238291,PreservedSpecimen,Plantae,NA,NA,Fabaceae,Acacia,retinodes,Acacia retinodes,Schltdl.,Michael H. Nee,Nee 52729,2004,7,17,South America,Bolivia,Sucre. Cultivated ornamentals at Hostal Los Pinos and hospital complex.,-65.2505556,-19.0355555,NA,M. Nee (NY),2009,NA,Chuquisaca,Oropeza,2800.00000000,1,NA,NA,NA,NA,NA,NA,NA,NA,NA,2004-07-17
Acacia retinodes,,2,2010-01-04 10:20:00-02,MO,MO,100238518,PreservedSpecimen,Plantae,NA,NA,Fabaceae,Acacia,retinodes,Acacia retinodes,Schltdl.,Michael H. Nee,Nee 52728,2004,7,17,South America,Bolivia,"Near center of Sucre, vic. Hostal Los Pinos and hospital complex.",-65.2505556,-19.0355555,NA,M. Nee (NY),2009,NA,Chuquisaca,Oropeza,2800.00000000,1,NA,NA,NA,NA,NA,NA,NA,NA,NA,2004-07-17
Acacia retinodes,,3,2013-02-01 06:03:00-02,MO,MO,1224400,PreservedSpecimen,Plantae,NA,NA,Fabaceae,Acacia,retinodes,Acacia retinodes,Schltdl.,Francisco A. Vivar C.,Vivar Castro 1415,1982,2,13,South America,Ecuador,"Loja. Parque Jipiro. Arbol cultivado, introducido.",-79.23333,-3.95,NA,G.P. Lewis (K),1997,NA,Loja,Loja,2120.00000000,NA,NA,NA,NA,NA,NA,NA,NA,NA,NA,1982-02-13
Acacia retinodes,,4,2008-05-27 22:02:00-03,MO,MO,2876607,PreservedSpecimen,Plantae,NA,NA,Fabaceae,Acacia,retinodes,Acacia retinodes,Schltdl.,Gwilym P. Lewis,Lewis 3182,1997,4,18,South America,Ecuador,"Loja-Zamora, km 2. Vegetation: bosque humedo with pastureland and secondary scrub.",-79.2,-4,NA,NA,NA,NA,Loja,Loja,2150.00000000,NA,NA,NA,NA,NA,NA,NA,NA,NA,NA,1997-04-18
Acacia retinodes,,5,2017-03-09 16:55:00-03,MO,MO,3313526,PreservedSpecimen,Plantae,NA,NA,Fabaceae,Acacia,retinodes,Acacia retinodes,Schltdl.,Jürgen Homeier,Homeier 136,1999,6,13,South America,Ecuador,Road Loja-Zamora.,-79.15,-3.98333,NA,Seigler & Ebinger (ILL),2013,NA,Loja,NA,2310.00000000,NA,NA,NA,NA,NA,NA,NA,NA,NA,NA,1999-06-13
Acacia retinodes,,6,2008-05-27 22:02:00-03,MO,MO,86760,PreservedSpecimen,Plantae,NA,NA,Fabaceae,Acacia,retinodes,Acacia retinodes,Schltdl.,James C. Solomon,Solomon 8205,1982,9,10,South America,Bolivia,Calacoto (La Paz). Cultivated garden plants.,-68.08333,-16.53333,NA,J. Solomon,1986,82-9,La Paz,Murillo,3300.00000000,3,NA,NA,NA,NA,NA,NA,NA,NA,NA,1982-09-10
Acacia retinodes,,7,2008-05-27 22:02:00-03,MO,MO,88437,PreservedSpecimen,Plantae,NA,NA,Fabaceae,Acacia,retinodes,Acacia retinodes,Schltdl.,James C. Solomon,Solomon 5927,1981,8,7,South America,Bolivia,Calacoto (La Paz). Cultivated garden plants.,-68.13333,-16.51666,NA,J.C. Solomon,1986,180,La Paz,Murillo,3300.00000000,3,NA,NA,NA,NA,NA,NA,NA,NA,NA,1981-08-07
Acacia retinodes,,8,2008-05-27 22:02:00-03,MO,MO,88977,PreservedSpecimen,Plantae,NA,NA,Fabaceae,Acacia,retinodes,Acacia retinodes,Schltdl.,James C. Solomon,Solomon 12753,1984,11,11,South America,Bolivia,Calacoto (La Paz). Cultivated plants.,-68.08333,-16.53333,NA,R.E. Gereau,1988,84-115,La Paz,Murillo,3300.00000000,6,NA,NA,NA,NA,NA,NA,NA,NA,NA,1984-11-11
Acacia retinodes,,9,2018-05-14 17:31:54-03,F,F-SEEDPLANTS,V0359488F,PreservedSpecimen,Plantae,Dicotyledoneae,NA,Fabaceae,Acacia,retinodes,Acacia retinodes,NA,M. Nee,32060,1985,10,10,South America,Bolivia,NA,-68,-15.5,V0359488F,RRC ID Flag,1986,32060,La Paz,NA,NA,NA,NA,Spermatophyta,NA,NA,NA,NA,NA,NA,NA,1985-10-10
Acacia saligna,,1,2009-10-08 15:47:00-03,MO,MO,84396,PreservedSpecimen,Plantae,NA,NA,Fabaceae,Acacia,saligna,Acacia saligna,(Labill.) H.L. Wendl.,David N. Smith,Smith 12929,1989,4,24,South America,Bolivia,En el terreno de la Escuela Tecnica Superior Forestal en la ciudad de Cochabamba.,-66.15,-17.3833333,NA,R.E. Gereau (MO),1990,10,Cochabamba,Cercado,2600.00000000,8,NA,NA,NA,NA,NA,NA,NA,NA,NA,1989-04-24
Acalypha apodanthes,,1,2014-06-09 13:19:00-03,MO,MO,886693,PreservedSpecimen,Plantae,NA,NA,Euphorbiaceae,Acalypha,apodanthes,Acalypha apodanthes,Standl. & L.O. Williams,Thomas B. Croat,Croat 43600,1990,3,10,South America,Colombia,"Reserva Natural La Planada: 7 km above Chucunés (on road between Tuquerres and Ricaurte); along trail to Pialapí, 150-200 m past entrance to La Planada Field Station.",-77.9855555,1.1713889,NA,J. Gonzalez (INB),1995,70,Nariño,Ricaurte,1925.00000000,1,NA,NA,NA,NA,NA,NA,NA,NA,NA,1990-03-10
Acalypha benensis,,1,2022-12-05 17:19:00-03,NY,NY,164654,PreservedSpecimen,Plantae,NA,Malpighiales,Euphorbiaceae,Acalypha,benensis,Acalypha benensis,Britton ex Rusby,M. H. Nee,47065,1996,08,28,South America,Bolivia,"Santiesteban. 15.5 km (by road) N of Mineros, then 3.8 km E on dirt road.",-63.18,-16.98,NY00164654,M. H. Nee,1997,NA,Santa Cruz,NA,NA,NA,NA,Magnoliophyta,NA,sheet,<a href='http://sweetgum.nybg.org/science/vh/specimen_details.php?irn=657201' target='other'> <mi>dwc_moreinfo</mi></a>,NA,NA,NA,NA,1996-08-28
Acalypha benensis,,2,2022-12-05 17:19:00-03,NY,NY,164659,PreservedSpecimen,Plantae,NA,Malpighiales,Euphorbiaceae,Acalypha,benensis,Acalypha benensis,Britton ex Rusby,M. H. Nee,47056,1996,08,25,South America,Bolivia,"Vic. Estancia Maguey, 7 km NNW of Ayacucho [=Porongo] on road to Terevinto, 17 km (by air) west of center of Santa Cruz",-63.3417,-17.8,NY00164659,M. H. Nee,1996,NA,Santa Cruz,Andrés Ibáñez (Prov.),NA,NA,NA,Magnoliophyta,NA,sheet,<a href='http://sweetgum.nybg.org/science/vh/specimen_details.php?irn=653167' target='other'> <mi>dwc_moreinfo</mi></a>,NA,NA,NA,NA,1996-08-25
Acalypha benensis,,3,2022-12-05 17:19:00-03,NY,NY,246096,PreservedSpecimen,Plantae,NA,Malpighiales,Euphorbiaceae,Acalypha,benensis,Acalypha benensis,Britton ex Rusby,H. H. Rusby,1264,1886,08,NA,South America,Bolivia,Junction of Rivers Beni and Madre de Dios,-66.0886,-10.9903,NY00246096,NA,NA,NA,NA,NA,NA,NA,NA,Magnoliophyta,type,sheet,<a href='http://sweetgum.nybg.org/science/vh/specimen_details.php?irn=653169' target='other'> <mi>dwc_moreinfo</mi></a>,NA,NA,NA,NA,NA
Acalypha benensis,,4,2022-12-05 17:19:00-03,NY,NY,246097,PreservedSpecimen,Plantae,NA,Malpighiales,Euphorbiaceae,Acalypha,benensis,Acalypha benensis,Britton ex Rusby,H. H. Rusby,1264,1886,08,NA,South America,Bolivia,Junction of Rivers Beni and Madre de Dios,-66.0886,-10.9903,NY00246097,NA,NA,NA,NA,NA,NA,NA,NA,Magnoliophyta,type,sheet,<a href='http://sweetgum.nybg.org/science/vh/specimen_details.php?irn=653168' target='other'> <mi>dwc_moreinfo</mi></a>,NA,NA,NA,NA,NA
Acalypha benensis,,5,2022-12-05 17:19:00-03,NY,NY,312934,PreservedSpecimen,Plantae,NA,Malpighiales,Euphorbiaceae,Acalypha,benensis,Acalypha benensis,Britton ex Rusby,H. H. Rusby,1264,1886,08,NA,South America,Bolivia,Junction of Rivers Beni and Madre de Dios,-66.0886,-10.9903,NY00312934,NA,NA,NA,NA,NA,NA,NA,NA,Magnoliophyta,isotype,sheet,<a href='http://sweetgum.nybg.org/science/vh/specimen_details.php?irn=695927' target='other'> <mi>dwc_moreinfo</mi></a>,NA,NA,NA,NA,NA
Acalypha benensis,,6,2010-01-08 16:53:00-02,MO,MO,100240403,PreservedSpecimen,Plantae,NA,NA,Euphorbiaceae,Acalypha,benensis,Acalypha benensis,Britton ex Rusby,Pedro Acevedo-Rodríguez|F. Ramírez,Acevedo-Rodríguez 9943,1997,9,25,South America,Peru,Distrito Camisea; Campamento Malvinas.,-72.9411111,-11.87,NA,R. Secco,1997,NA,Cusco,Cusco,400.00000000,1,NA,NA,NA,NA,NA,NA,NA,NA,NA,1997-09-25
Acalypha benensis,,7,2008-05-27 22:02:00-03,MO,MO,1323106,PreservedSpecimen,Plantae,NA,NA,Euphorbiaceae,Acalypha,benensis,Acalypha benensis,Britton ex Rusby,Sarah DeWalt,DeWalt 3,1998,12,15,South America,Bolivia,Cerca del rio tumupasa.,-67.88333,-14.15,NA,S. DeWalt,1995,NA,La Paz,Abel Iturralde,465.00000000,NA,NA,NA,NA,NA,NA,NA,NA,NA,NA,1998-12-15
Acalypha benensis,,8,2008-05-27 22:02:00-03,MO,MO,143417,PreservedSpecimen,Plantae,NA,NA,Euphorbiaceae,Acalypha,benensis,Acalypha benensis,Britton ex Rusby,Miguel Bang,Bang 217,1890,NA,NA,South America,Bolivia,Yungas.,-68.01,-15.75,NA,J.M. Cardiel (MA),1999,NA,La Paz,Nor Yungas,NA,NA,NA,NA,NA,NA,NA,NA,NA,NA,NA,NA
Acalypha benensis,,9,2008-05-27 22:02:00-03,MO,MO,147338,PreservedSpecimen,Plantae,NA,NA,Euphorbiaceae,Acalypha,benensis,Acalypha benensis,Britton ex Rusby,Alwyn H. Gentry|et al.,Gentry 52116,1985,10,9,South America,Peru,Yurimaguas Estacion Experimental de North Carolina State; old second growth along Rio Shanusi.,-76.13333,-5.91666,NA,J.M. Cardiel (MA),1999,85-351,Loreto,Alto Amazonas,180.00000000,3,NA,NA,NA,NA,NA,NA,NA,NA,NA,1985-10-09
Acalypha benensis,,10,2008-05-27 22:02:00-03,MO,MO,150409,PreservedSpecimen,Plantae,NA,NA,Euphorbiaceae,Acalypha,benensis,Acalypha benensis,Britton ex Rusby,Percy Núñez V.|C. Cárdenas|W. Duellman|B. Buchanan,Núñez Vargas 9937,1988,10,29,South America,Peru,"Alrededores del Albergue turístico Cusco Amazónico. Margen izquierdo del Río Madre de Dios, ca 35 km de Puerto Maldonado.",-69.05,-12.54,NA,O. Phillips,1989,16,Madre de Dios,Tambopata,200.00000000,7,NA,NA,NA,NA,NA,NA,NA,NA,NA,1988-10-29
Acalypha benensis,,11,2008-05-27 22:02:00-03,MO,MO,1535593,PreservedSpecimen,Plantae,NA,NA,Euphorbiaceae,Acalypha,benensis,Acalypha benensis,Britton ex Rusby,Michael H. Nee,Nee 45988,1994,12,17,South America,Bolivia,"6.5 km (by air) NW of main Colonia San Juan. Mostly flat, edge of disturbed tropical forest patch along edge of cultivated fields of rice and other crops.",-63.9,-17.25,NA,M. Nee,1995,NA,Santa Cruz,Ichilo,265.00000000,NA,NA,NA,NA,NA,NA,NA,NA,NA,NA,1994-12-17
Acalypha benensis,,12,2020-06-17 08:17:00-03,MO,MO,156996,PreservedSpecimen,Plantae,NA,NA,Euphorbiaceae,Acalypha,benensis,Acalypha benensis,Britton ex Rusby,James C. Solomon,Solomon 8523,1982,10,19,South America,Bolivia,"4.5 km below Yolosa, then 10.0 km W on road up the Río Huarinilla. Heavily disturbed moist forest. Mostly secondary growth.",-67.8333333,-16.2,NA,G. Webster,1984,82-23,La Paz,Nor Yungas,1450.00000000,6,NA,NA,NA,NA,NA,NA,NA,NA,NA,1982-10-19
Acalypha benensis,,13,2008-05-27 22:02:00-03,MO,MO,1719470,PreservedSpecimen,Plantae,NA,NA,Euphorbiaceae,Acalypha,benensis,Acalypha benensis,Britton ex Rusby,Israel G. Vargas C.|M. Contreras,Vargas Caballero 5084,2000,8,5,South America,Bolivia,"Volcanes, 3 km al N de Bermejo, subiendo por márgenes del Río Colorado. Márgenes areno-pedregoso del Río Colorado.",-63.65,-18.1,NA,NA,NA,NA,Santa Cruz,Florida,NA,NA,NA,NA,NA,NA,NA,NA,NA,NA,NA,2000-08-05
Acalypha benensis,,14,2008-08-07 03:32:00-03,MO,MO,1869507,PreservedSpecimen,Plantae,NA,NA,Euphorbiaceae,Acalypha,benensis,Acalypha benensis,Britton ex Rusby,Lourdes Vargas|A. Portugal|J. Torrez,Vargas Ramírez 1334,1995,10,15,South America,Bolivia,"Madidi camino a Ixiamas 1 hora y 45 minutos de Tumupasa en carro, sobre el arroyo Huri-Huapo.",-67.91666,-14.05,NA,L. Vargas,1997,NA,La Paz,Abel Iturralde,365.00000000,NA,NA,NA,NA,NA,NA,NA,NA,NA,NA,1995-10-15
Acalypha benensis,,15,2008-05-27 22:02:00-03,MO,MO,2117644,PreservedSpecimen,Plantae,NA,NA,Euphorbiaceae,Acalypha,benensis,Acalypha benensis,Britton ex Rusby,John D. Dwyer,Dwyer 6241,1964,8,3,South America,Peru,"Tingo Maria, roadsides.",-75.98333,-9.3,NA,NA,NA,4,Huánuco,Leoncio Prado,NA,NA,NA,NA,NA,NA,NA,NA,NA,NA,NA,1964-08-03
Acalypha benensis,,16,2008-08-07 03:32:00-03,MO,MO,2916836,PreservedSpecimen,Plantae,NA,NA,Euphorbiaceae,Acalypha,benensis,Acalypha benensis,Britton ex Rusby,Lourdes Vargas|A. Portugal|J. Torrez,Vargas Ramírez 1334,1995,10,15,South America,Bolivia,"Abel Ituralde, Madidi camino a Ixiamas 1 hora y 45 minutos de Tumupasa en carro., sobre el arroyo Huri-Huapo.",-67.91666,-14.05,NA,L. Vargas,1997,NA,La Paz,NA,365.00000000,NA,NA,NA,NA,NA,NA,NA,NA,NA,NA,1995-10-15
Acalypha benensis,,17,2008-05-27 22:02:00-03,MO,MO,2924255,PreservedSpecimen,Plantae,NA,NA,Euphorbiaceae,Acalypha,benensis,Acalypha benensis,Britton ex Rusby,Michael H. Nee,Nee 47578,1997,12,26,South America,Bolivia,"On the Montero-Okinawa hwy., 14 km ENE from hwy . junction just N of Montero.Brushy areas and disturbed woods along channel.",-63.15,-17.28333,NA,M. Nee,1999,NA,Santa Cruz,NA,275.00000000,NA,NA,NA,NA,NA,NA,NA,NA,NA,NA,1997-12-26
Acalypha benensis,,18,2008-07-16 03:33:00-03,MO,MO,1236902,PreservedSpecimen,Plantae,NA,NA,Euphorbiaceae,Acalypha,benensis,Acalypha benensis,Britton ex Rusby,F. Cornejo|A. Balarezo,Cornejo Valverde 3294,1997,10,17,South America,Peru,Isla sobre el Río Colorado.,-70.95,-12.85,NA,Fernando Cornejo,1998,66,Cusco,Quispicanchis,350.00000000,2,NA,NA,NA,NA,NA,NA,NA,NA,NA,1997-10-17
Acalypha benensis,,19,2008-05-27 22:02:00-03,MO,MO,1862371,PreservedSpecimen,Plantae,NA,NA,Euphorbiaceae,Acalypha,benensis,Acalypha benensis,Britton ex Rusby,Alcides Serato,Serato 228,1997,1,6,South America,Bolivia,"Loc.: Buena Vista Tacana, a 500 m de la comunidad de Buena Vista. Monte degradado",-67.5,-14.41666,NA,NA,NA,NA,La Paz,Abel Iturralde,180.00000000,NA,NA,NA,NA,NA,NA,NA,NA,NA,NA,1997-01-06
Acalypha benensis,,20,2013-05-02 17:01:00-03,MO,MO,155876,PreservedSpecimen,Plantae,NA,NA,Euphorbiaceae,Acalypha,benensis,Acalypha benensis,Britton ex Rusby,David N. Smith|G. Quintana|Valentín García,Smith 13176,1989,5,17,South America,Bolivia,"Serrania del Pilón Lajas, vertiente oriental, 21 km de Yucumo. Bosque primario en laderas pendientes intervenido por una carretera. Colecciones del bosque y el derecho de la carretera. Especimenes preservados con alcohol.",-67.0666667,-15.2833333,NA,D.N. Smith (MO),1991,30,Beni,Gral. Ballivian,1035.00000000,1,NA,NA,NA,NA,NA,NA,NA,NA,NA,1989-05-17
Acalypha benensis,,21,2022-01-17 14:11:48-03,INPA,INPA,22451,S,Plantae,NA,Malpighiales,Euphorbiaceae,Acalypha,benensis,Acalypha benensis,Britton,"Prance, GT",5694,1968,07,09,Southern America,Bolivia,"W bank of Rio Madeira opposite Abunã, W bank of Rio Madeira opposite Abunã.",-65.292939,-9.780448,INPA0022451,"Webster, GL",1986,NA,Pando,NA,NA,NA,NA,Dicotyledon Com-Clade,NA,NA,"Shrub, to 3 m tall. Forest on terra firme.",-65.292939,-9.780448,NA,NA,1968-07-09
Acalypha benensis,,22,2019-07-09 13:30:22-03,F,F-SEEDPLANTS,V0088478F,PreservedSpecimen,Plantae,Dicotyledoneae,NA,Euphorbiaceae,Acalypha,benensis,Acalypha benensis,NA,J. Schunke V. & J. G. Graham,15868,2004,9,9,South America,Peru,Cuenca del Rio Aguaytia. Pampa Yurac,-75.5,-9.05,V0088478F,J. M. Cardiel,2009,NA,Ucayali,Padre Abad,300,NA,NA,Spermatophyta,NA,NA,NA,NA,NA,NA,NA,2004-09-09
Acalypha benensis,,23,2019-07-09 13:23:38-03,F,F-SEEDPLANTS,V0189267F,PreservedSpecimen,Plantae,Dicotyledoneae,NA,Euphorbiaceae,Acalypha,benensis,Acalypha benensis,NA,R. de Michel & S. G. Beck,1130,1993,9,15,South America,Bolivia,NA,-64.435,-16.7261,V0189267F,NA,NA,NA,NA,NA,NA,NA,NA,Spermatophyta,NA,NA,NA,NA,NA,NA,NA,1993-09-15
Acalypha benensis,,24,2021-07-31 07:12:00-03,US,US,US 3359442,PreservedSpecimen,Plantae,Dicotyledonae,Euphorbiales,Euphorbiaceae,Acalypha,benensis,Acalypha benensis,Britton,P. Acevedo-Rodriguez & F. Ramirez,9943,1997,9,25,South America - Neotropics,Peru,Distrito Camisea; Campamento Malvinas,-72.9411,-11.87,US00617053,"Seco, R.",NA,NA,Cusco,Cusco,400.0,1,NA,NA,NA,NA,NA,NA,NA,NA,NA,1997-09-25
Acalypha tenuifolia,,1,2008-05-27 22:02:00-03,MO,MO,148037,PreservedSpecimen,Plantae,NA,NA,Euphorbiaceae,Acalypha,tenuifolia,Acalypha tenuifolia,Müll. Arg.,Ronald L. Liesner|Vilealdo Medina,Liesner 13454,1982,4,6,South America,Venezuela,"32 km East of La Guaira, 4 km East of Anare. From coast, to about 3 km inland along quebrada. Steep slopes and some rock outcrops.",-66.65,10.63333,NA,Ronald Liesner (MO),1993,82-4,Distrito Federal,NA,0E8,3,150.00000000,NA,NA,NA,NA,NA,NA,NA,NA,1982-04-06
Acalypha tenuifolia,,2,2009-07-17 07:37:00-03,MO,MO,2915929,PreservedSpecimen,Plantae,NA,NA,Euphorbiaceae,Acalypha,tenuifolia,Acalypha tenuifolia,Müll. Arg.,Julian A. Steyermark|Ronald L. Liesner,Steyermark 121794,1980,3,24,South America,Venezuela,"Gallery forest along Quebrada Coche, 3 km northeast of Pie de Cerro, north of La Victoria.",-67.3,10.33333,NA,J.M. Cardiel,1999,NA,Aragua,NA,840.00000000,NA,NA,NA,NA,NA,NA,NA,NA,NA,NA,1980-03-24
Acalypha tenuifolia,,3,2008-05-27 22:02:00-03,MO,MO,2916105,PreservedSpecimen,Plantae,NA,NA,Euphorbiaceae,Acalypha,tenuifolia,Acalypha tenuifolia,Müll. Arg.,Julian A. Steyermark,Steyermark 123545,1980,10,8,South America,Venezuela,"Selva de galería a lo largo de la Quebrada Manzanares, rizchuelo con agua corriente, afluente de la Quebrada Baruta, arriba de la Urb. Alto Prado.",-66.88333,10.43333,NA,J.M. Cardiel,1999,NA,Miranda,NA,1300.00000000,NA,NA,NA,NA,NA,NA,NA,NA,NA,NA,1980-10-08
Acalypha tenuifolia,,4,2019-09-04 20:32:08-03,F,F-SEEDPLANTS,NA,PreservedSpecimen,Plantae,Dicotyledoneae,NA,Euphorbiaceae,Acalypha,tenuifolia,Acalypha tenuifolia,NA,J. W. K. Moritz,379,NA,NA,NA,South America,Colombia,NA,-72.8667,3.8811,NA,NA,NA,NA,NA,NA,NA,NA,NA,Spermatophyta,Type [status unknown],NA,NA,NA,NA,NA,NA,NA
Acalypha tenuifolia,,5,2019-07-09 13:23:50-03,F,F-SEEDPLANTS,V0190396F,PreservedSpecimen,Plantae,Dicotyledoneae,NA,Euphorbiaceae,Acalypha,tenuifolia,Acalypha tenuifolia,NA,H. F. A. von Eggers,13320,1891,7,9,South America,Venezuela,NA,-65.9119,7.0758,V0190396F,NA,NA,NA,NA,NA,NA,NA,NA,Spermatophyta,NA,NA,NA,NA,NA,NA,NA,1891-07-09
Acalypha tenuifolia,,6,2019-07-09 13:23:51-03,F,F-SEEDPLANTS,V0190402F,PreservedSpecimen,Plantae,Dicotyledoneae,NA,Euphorbiaceae,Acalypha,tenuifolia,Acalypha tenuifolia,NA,J. A. Steyermark & R. L. Liesner,121794,1980,3,24,South America,Venezuela,NA,-65.9119,7.0758,V0190402F,NA,NA,NA,NA,NA,NA,NA,NA,Spermatophyta,NA,NA,NA,NA,NA,NA,NA,1980-03-24
Acalypha tenuifolia,,7,2021-07-30 13:22:00-03,US,US,US 2501353,PreservedSpecimen,Plantae,Dicotyledonae,Euphorbiales,Euphorbiaceae,Acalypha,tenuifolia,Acalypha tenuifolia,Müll. Arg.,A. Mocquerys,s.n.,1893,NA,NA,South America - Neotropics,Venezuela,Duaca,-69.1624,10.2855,US00814461,NA,NA,NA,Lara,Crespo,NA,1,NA,NA,NA,NA,NA,NA,NA,NA,NA,NA
Acalypha wilkesiana,,1,2020-05-27 04:37:00-03,MO,MO,2917267,PreservedSpecimen,Plantae,NA,NA,Euphorbiaceae,Acalypha,wilkesiana,Acalypha wilkesiana,Müll. Arg.,Moises Mendoza,Mendoza 167,2002,3,2,South America,Bolivia,"santa Cruz. Ciudad de Santa Cruz, radial 27, calle rió negro, pasando tres cuadras del cuarto anillo, Vivero Carlitos.",-63.17138,-21.87805,NA,M. Mendoza y R. Ledezma,2002,NA,Santa Cruz,Andrés Ibáñez,612.00000000,NA,NA,NA,NA,NA,NA,NA,NA,NA,NA,2002-03-02
Acalypha wilkesiana,,2,2019-09-16 15:44:18-03,F,F-SEEDPLANTS,V0195185F,PreservedSpecimen,Plantae,Dicotyledoneae,NA,Euphorbiaceae,Acalypha,wilkesiana,Acalypha wilkesiana,NA,J. Schunke V.,1941,1967,5,8,South America,Peru,NA,-75.8333,-9.5,V0195185F,RRC ID Flag,2013,1941,Huánuco,NA,NA,NA,NA,Spermatophyta,NA,NA,NA,NA,NA,NA,NA,1967-05-08
Acer negundo,,1,2008-05-27 22:02:00-03,MO,MO,166673,PreservedSpecimen,Plantae,NA,NA,Sapindaceae,Acer,negundo,Acer negundo,L.,James C. Solomon,Solomon 8200,1982,9,10,South America,Bolivia,Calacoto (La Paz). Cultivated garden plants.,-68.08333,-16.53333,NA,J. Solomon,1982,82-9,La Paz,Murillo,3300.00000000,4,NA,NA,NA,NA,NA,NA,NA,NA,NA,1982-09-10
Acer negundo,,2,2008-05-27 22:02:00-03,MO,MO,1532607,PreservedSpecimen,Plantae,NA,NA,Sapindaceae,Acer,negundo,Acer negundo,L.,Michael H. Nee,Nee 30394,1984,11,17,South America,Bolivia,City of Cochabamba,-66.630278,-17.136667,NA,M. Nee,NA,NA,Cochabamba,NA,2550.00000000,NA,NA,NA,NA,NA,NA,NA,NA,NA,NA,1984-11-17
Acer negundo,,3,2013-02-13 05:33:00-02,MO,MO,1598006,PreservedSpecimen,Plantae,NA,NA,Sapindaceae,Acer,negundo,Acer negundo,L.,Mario Saldias P.,Saldias Paz 590,1989,1,9,South America,Bolivia,"Centro de la ciudad de La Paz, Av. 16 de Julio",-68.08333,-16.5,NA,M. Nee (NY),1989,NA,La Paz,Murillo,3400.00000000,NA,NA,NA,NA,NA,NA,NA,NA,NA,NA,1989-01-09
Acer negundo,,4,2008-05-27 22:02:00-03,MO,MO,166686,PreservedSpecimen,Plantae,NA,NA,Sapindaceae,Acer,negundo,Acer negundo,L.,James C. Solomon,Solomon 12797,1984,11,16,South America,Bolivia,Calacoto (La Paz). Cultivated plants.,-68.08333,-16.53333,NA,J. C. Solomon (MO),1988,84-117,La Paz,Murillo,3300.00000000,8,NA,NA,NA,NA,NA,NA,NA,NA,NA,1984-11-16
Acer negundo,,5,2008-05-27 22:02:00-03,MO,MO,3081095,PreservedSpecimen,Plantae,NA,NA,Sapindaceae,Acer,negundo,Acer negundo,L.,Calaway H. Dodson,Dodson 11701,1981,10,9,South America,Ecuador,"Chullabamba, 11 km N of Cuenca in the Cuenca valley near the river. At the country estate of Marcelo Jaramillo.",-78.93333,-2.25,NA,Al Gentry,1982,154,Azuay,NA,2350.00000000,NA,NA,NA,NA,NA,NA,NA,NA,NA,NA,1981-10-09
Acer saccharinum,,1,2008-05-27 22:02:00-03,MO,MO,166698,PreservedSpecimen,Plantae,NA,NA,Sapindaceae,Acer,saccharinum,Acer saccharinum,L.,James C. Solomon|R. Zeballos,Solomon 15436,1986,7,23,South America,Bolivia,La Paz. ORNAMENTAL PLANTS.,-68.13333,-16.51666,NA,J. C. Solomon,1986,86-39,La Paz,Murillo,3600.00000000,4,NA,NA,NA,NA,NA,NA,NA,NA,NA,1986-07-23
Actinostemon caribaeus,,1,2019-07-09 13:28:31-03,F,F-SEEDPLANTS,V0190751F,PreservedSpecimen,Plantae,Dicotyledoneae,NA,Euphorbiaceae,Actinostemon,caribaeus,Actinostemon caribaeus,NA,J. A. Steyermark,56858,1944,5,29,South America,Venezuela,NA,-65.9119,7.0758,V0190751F,NA,NA,NA,NA,NA,NA,NA,NA,Spermatophyta,NA,NA,NA,NA,NA,NA,NA,1944-05-29
